,Action and adventure,Anime,Comedy,Documentary,Drama,Fantasy,Horror,International,Kids,Music videos and concerts,Mystery and thrillers,Romance,Hindi,English,Telugu,Tamil,Malayalam,Kannada,Marathi,Punjabi,Gujarati,Bengali
0,https://www.primevideo.com/detail/0GUKC2JE1MEJPV5S5LU2BQ2WVB/ref=atv_br_def_r_br_c_unkc_1_1,https://www.primevideo.com/detail/0GTVYMIYD1GSB85O4H2JZWZJK0/ref=atv_br_def_r_br_c_unkc_1_1,https://www.primevideo.com/detail/0Q8V31D6C6MRM3XW8P4T9I6O6W/ref=atv_br_def_r_br_c_unkc_1_1,https://www.primevideo.com/detail/0SZXSUQZL51Z6RI01Q2KEKVX33/ref=atv_br_def_r_br_c_unkc_1_1,https://www.primevideo.com/detail/0GUKC2JE1MEJPV5S5LU2BQ2WVB/ref=atv_br_def_r_br_c_unkc_1_1,https://www.primevideo.com/detail/0N0VRKCHYKXDHEV50D8IZF3LFU/ref=atv_br_def_r_br_c_unkc_1_1,https://www.primevideo.com/detail/0KF15RP03LOCHLXIVU0MITD6KU/ref=atv_br_def_r_br_c_unkc_1_1,https://www.primevideo.com/detail/0GUKC2JE1MEJPV5S5LU2BQ2WVB/ref=atv_br_def_r_br_c_unkc_1_1,https://www.primevideo.com/detail/0NHHVWJOCC3LSSK23856UBOZZW/ref=atv_br_def_r_br_c_unkc_1_1,https://www.primevideo.com/detail/0I9V8J7ULXMS79SCYQS7FN0JS3/ref=atv_br_def_r_br_c_unkc_1_1,https://www.primevideo.com/detail/0FIVK55HUFIIADBSNC585CZFDP/ref=atv_br_def_r_br_c_unkc_1_1,https://www.primevideo.com/detail/0R217Y1Q451WCBPMHE8BA2SKPJ/ref=atv_br_def_r_br_c_unkc_1_1,https://www.primevideo.com/detail/0GUKC2JE1MEJPV5S5LU2BQ2WVB/ref=atv_br_def_r_br_c_unkc_1_1,https://www.primevideo.com/detail/0KIF0RIKEBJJANNU4HDOJ42WN5/ref=atv_br_def_r_br_c_unkc_1_1,https://www.primevideo.com/detail/0I8KA9418PT2BIFDOS9NWO51NP/ref=atv_br_def_r_br_c_unkc_1_1,https://www.primevideo.com/detail/0R217Y1Q451WCBPMHE8BA2SKPJ/ref=atv_br_def_r_br_c_unkc_1_1,https://www.primevideo.com/detail/0Q8V31D6C6MRM3XW8P4T9I6O6W/ref=atv_br_def_r_br_c_unkc_1_1,https://www.primevideo.com/detail/0SZXSUQZL51Z6RI01Q2KEKVX33/ref=atv_br_def_r_br_c_unkc_1_1,https://www.primevideo.com/detail/0MRFAHMLDZQW94U652X1767ARX/ref=atv_br_def_r_br_c_unkc_1_1,https://www.primevideo.com/detail/0SH8TM23MQ5BK2NPOPLMIJPHAV/ref=atv_br_def_r_br_c_unkc_1_1,https://www.primevideo.com/detail/0NXOUVTK3P0JEJY1MCOZS28WOU/ref=atv_br_def_r_br_c_unkc_1_1,https://www.primevideo.com/detail/0FO4ZNNZ7Q1Q6DBT6TS2FUXXRX/ref=atv_br_def_r_br_c_unkc_1_1
1,https://www.primevideo.com/detail/0FIVK55HUFIIADBSNC585CZFDP/ref=atv_br_def_r_br_c_unkc_1_2,https://www.primevideo.com/detail/0NYJEB34YEBUBBRQTJCFDI19A3/ref=atv_br_def_r_br_c_unkc_1_2,https://www.primevideo.com/detail/0R36EFFNE3NAX3JD5LVCL2PVWW/ref=atv_br_def_r_br_c_unkc_1_2,https://www.primevideo.com/detail/0NDX900EDFZNZ8TXVQ3I68YH4M/ref=atv_br_def_r_br_c_unkc_1_2,https://www.primevideo.com/detail/0FIVK55HUFIIADBSNC585CZFDP/ref=atv_br_def_r_br_c_unkc_1_2,https://www.primevideo.com/detail/0R36EFFNE3NAX3JD5LVCL2PVWW/ref=atv_br_def_r_br_c_unkc_1_2,https://www.primevideo.com/detail/0Q4AC6SKJX7EY2GHJFHLZMQ1XZ/ref=atv_br_def_r_br_c_unkc_1_2,https://www.primevideo.com/detail/0GSDEM0SMSZZYB0O7F67REPQSR/ref=atv_br_def_r_br_c_unkc_1_2,https://www.primevideo.com/detail/0PGVJVF04OM21GHZB2J5ADQVEU/ref=atv_br_def_r_br_c_unkc_1_2,https://www.primevideo.com/detail/0P9D7JMQ1NDU3P9V32JI39DJAI/ref=atv_br_def_r_br_c_unkc_1_2,https://www.primevideo.com/detail/0GSDEM0SMSZZYB0O7F67REPQSR/ref=atv_br_def_r_br_c_unkc_1_2,https://www.primevideo.com/detail/0Q8V31D6C6MRM3XW8P4T9I6O6W/ref=atv_br_def_r_br_c_unkc_1_2,https://www.primevideo.com/detail/0FIVK55HUFIIADBSNC585CZFDP/ref=atv_br_def_r_br_c_unkc_1_2,https://www.primevideo.com/detail/0J80QLS1VW84KTO0XWOR4WVHVS/ref=atv_br_def_r_br_c_unkc_1_2,https://www.primevideo.com/detail/0OQDTFFE56EXX1Z1BU7158HJ0K/ref=atv_br_def_r_br_c_unkc_1_2,https://www.primevideo.com/detail/0R1YWU12P55RPK4O7W7JFJXTEM/ref=atv_br_def_r_br_c_unkc_1_2,https://www.primevideo.com/detail/0FCWWK4GYJYW3VNPGBAQOE5IVR/ref=atv_br_def_r_br_c_unkc_1_2,https://www.primevideo.com/detail/0RMYLULVR8F9ZBB6BH7UIVAUUF/ref=atv_br_def_r_br_c_unkc_1_2,https://www.primevideo.com/detail/0R1AR6X0UCF7PQCDLB05Q14D0E/ref=atv_br_def_r_br_c_unkc_1_2,https://www.primevideo.com/detail/0L4L7OY9U7HM4PTK7VBJHD0CXK/ref=atv_br_def_r_br_c_unkc_1_2,https://www.primevideo.com/detail/0TL9YBVDCYUQ4RP54KB3JN9YHB/ref=atv_br_def_r_br_c_unkc_1_2,https://www.primevideo.com/detail/0PAISV08408C9ISD6WISYGBIL7/ref=atv_br_def_r_br_c_unkc_1_2
2,https://www.primevideo.com/detail/0GSDEM0SMSZZYB0O7F67REPQSR/ref=atv_br_def_r_br_c_unkc_1_3,https://www.primevideo.com/detail/0JHJJJYBCOBY4LZFYHGU6JJDWX/ref=atv_br_def_r_br_c_unkc_1_3,https://www.primevideo.com/detail/0KMROWFOPA42E6ZLPSLZHL2WJS/ref=atv_br_def_r_br_c_unkc_1_3,https://www.primevideo.com/detail/0HMLLAJPKH8DT16FJWQFOWCKE4/ref=atv_br_def_r_br_c_unkc_1_3,https://www.primevideo.com/detail/0GSDEM0SMSZZYB0O7F67REPQSR/ref=atv_br_def_r_br_c_unkc_1_3,https://www.primevideo.com/detail/0N8WYH0W6L7Q0ODHGQCHMMRH4R/ref=atv_br_def_r_br_c_unkc_1_3,https://www.primevideo.com/detail/0OUGRSCVMMK2NWFO4NMCY947UP/ref=atv_br_def_r_br_c_unkc_1_3,https://www.primevideo.com/detail/0R217Y1Q451WCBPMHE8BA2SKPJ/ref=atv_br_def_r_br_c_unkc_1_3,https://www.primevideo.com/detail/0I1G1YB2595PCVOFMFJT5VSRWP/ref=atv_br_def_r_br_c_unkc_1_3,https://www.primevideo.com/detail/0I5OF8K1O8JNLUPOQ3VU3MBR5I/ref=atv_br_def_r_br_c_unkc_1_3,https://www.primevideo.com/detail/0HNZIYOI76383DKI61QMTROL4K/ref=atv_br_def_r_br_c_unkc_1_3,https://www.primevideo.com/detail/0G2G9F9BZAJUW8XZ2RQ5N3MRBS/ref=atv_br_def_r_br_c_unkc_1_3,https://www.primevideo.com/detail/0GSDEM0SMSZZYB0O7F67REPQSR/ref=atv_br_def_r_br_c_unkc_1_3,https://www.primevideo.com/detail/0KF15RP03LOCHLXIVU0MITD6KU/ref=atv_br_def_r_br_c_unkc_1_3,https://www.primevideo.com/detail/0TQV0X9RJF64O24RIRD1BHH37H/ref=atv_br_def_r_br_c_unkc_1_3,https://www.primevideo.com/detail/0K1UTCZG2R3H5NQ7WJ68D7JHM0/ref=atv_br_def_r_br_c_unkc_1_3,https://www.primevideo.com/detail/0N5IMGRVO6NMLPWWJ0QTPJC86H/ref=atv_br_def_r_br_c_unkc_1_3,https://www.primevideo.com/detail/0I3XXRB8EGPHHRNCAQN7147IXX/ref=atv_br_def_r_br_c_unkc_1_3,https://www.primevideo.com/detail/0NLTDKTSQKLNUJYO3UTVYPALQH/ref=atv_br_def_r_br_c_unkc_1_3,https://www.primevideo.com/detail/0KLI3A6C0DJTHUVXQCGEJ8HZ7T/ref=atv_br_def_r_br_c_unkc_1_3,https://www.primevideo.com/detail/0LS36CPCC6F3XGYLLZ4RJUA8K7/ref=atv_br_def_r_br_c_unkc_1_3,https://www.primevideo.com/detail/0M54RMVVR4ZFHH4HUY6M137FM0/ref=atv_br_def_r_br_c_unkc_1_3
3,https://www.primevideo.com/detail/0KIF0RIKEBJJANNU4HDOJ42WN5/ref=atv_br_def_r_br_c_unkc_1_4,https://www.primevideo.com/detail/0K1XKKH7C44WF7VDCYDCFKF3EO/ref=atv_br_def_r_br_c_unkc_1_4,https://www.primevideo.com/detail/0IQ1XHOGCTVGHFYNKT5OHDMURI/ref=atv_br_def_r_br_c_unkc_1_4,https://www.primevideo.com/detail/0J81ORXLRBIZVXOVR3LFA1VBR5/ref=atv_br_def_r_br_c_unkc_1_4,https://www.primevideo.com/detail/0R217Y1Q451WCBPMHE8BA2SKPJ/ref=atv_br_def_r_br_c_unkc_1_4,https://www.primevideo.com/detail/0HKBCOWZ6L75JX0GXBANJSQLIM/ref=atv_br_def_r_br_c_unkc_1_4,https://www.primevideo.com/detail/0MRFAHMLDZQW94U652X1767ARX/ref=atv_br_def_r_br_c_unkc_1_4,https://www.primevideo.com/detail/0R1YWU12P55RPK4O7W7JFJXTEM/ref=atv_br_def_r_br_c_unkc_1_4,https://www.primevideo.com/detail/0M8XF0N90720K3TSPY1GT1FOAT/ref=atv_br_def_r_br_c_unkc_1_4,https://www.primevideo.com/detail/0MRX5JGS7TX6RKG1WHSDU9BYAL/ref=atv_br_def_r_br_c_unkc_1_4,https://www.primevideo.com/detail/0TQV0X9RJF64O24RIRD1BHH37H/ref=atv_br_def_r_br_c_unkc_1_4,https://www.primevideo.com/detail/0RMYLULVR8F9ZBB6BH7UIVAUUF/ref=atv_br_def_r_br_c_unkc_1_4,https://www.primevideo.com/detail/0HNZIYOI76383DKI61QMTROL4K/ref=atv_br_def_r_br_c_unkc_1_4,https://www.primevideo.com/detail/0N8WYH0W6L7Q0ODHGQCHMMRH4R/ref=atv_br_def_r_br_c_unkc_1_4,https://www.primevideo.com/detail/0L2CP3W1JZB3EE2KRZYSOXF221/ref=atv_br_def_r_br_c_unkc_1_4,https://www.primevideo.com/detail/0IQ1XHOGCTVGHFYNKT5OHDMURI/ref=atv_br_def_r_br_c_unkc_1_4,https://www.primevideo.com/detail/0NKJGAD38GVMJ4SFN84U4FS811/ref=atv_br_def_r_br_c_unkc_1_4,https://www.primevideo.com/detail/0T0PT42YMSHJCZMOZ6P1RWVP8W/ref=atv_br_def_r_br_c_unkc_1_4,https://www.primevideo.com/detail/0QDXV2B9LLII07KHX8TX6P8NR1/ref=atv_br_def_r_br_c_unkc_1_4,https://www.primevideo.com/detail/0GPZH334OKITNWKK4L3EF3XIUF/ref=atv_br_def_r_br_c_unkc_1_4,https://www.primevideo.com/detail/0H92BYK7RTNEASI88QB7UULU32/ref=atv_br_def_r_br_c_unkc_1_4,https://www.primevideo.com/detail/0JH2MGX1NE1LPYKLSE3NH5O398/ref=atv_br_def_r_br_c_unkc_1_4
4,https://www.primevideo.com/detail/0R1YWU12P55RPK4O7W7JFJXTEM/ref=atv_br_def_r_br_c_unkc_1_5,https://www.primevideo.com/detail/0LGLRP55V9NY63NO3FSTBTIKLM/ref=atv_br_def_r_br_c_unkc_1_5,https://www.primevideo.com/detail/0I2ET4A3FLUF8NJRU26JKAYEZM/ref=atv_br_def_r_br_c_unkc_1_5,https://www.primevideo.com/detail/0LY40IS08ZFL6YMFS6WE97DDUT/ref=atv_br_def_r_br_c_unkc_1_5,https://www.primevideo.com/detail/0I8KA9418PT2BIFDOS9NWO51NP/ref=atv_br_def_r_br_c_unkc_1_5,https://www.primevideo.com/detail/0HX3L54E0HZB7QNWTYABW1DUPO/ref=atv_br_def_r_br_c_unkc_1_5,https://www.primevideo.com/detail/0FBFD2JO6XZG7RFMU2OPSGE0FW/ref=atv_br_def_r_br_c_unkc_1_5,https://www.primevideo.com/detail/0HNZIYOI76383DKI61QMTROL4K/ref=atv_br_def_r_br_c_unkc_1_5,https://www.primevideo.com/detail/0TZX3YU86BT45IZ58VI6FD2V74/ref=atv_br_def_r_br_c_unkc_1_5,https://www.primevideo.com/detail/0MF4D57QDNKD3PPAWNE0AN42Z5/ref=atv_br_def_r_br_c_unkc_1_5,https://www.primevideo.com/detail/0QH32UG7NRSFRGZT78NFD6KED7/ref=atv_br_def_r_br_c_unkc_1_5,https://www.primevideo.com/detail/0LCQGVFVLNI8MOOGAT6T4611H2/ref=atv_br_def_r_br_c_unkc_1_5,https://www.primevideo.com/detail/0IP8XHT2M4ZBJ6OW6DY6HIO33M/ref=atv_br_def_r_br_c_unkc_1_5,https://www.primevideo.com/detail/0FGURA7QG2V4L499UCH2X2LG79/ref=atv_br_def_r_br_c_unkc_1_5,https://www.primevideo.com/detail/0SBUCF1S6UH0FL3XWXLFMU1CDB/ref=atv_br_def_r_br_c_unkc_1_5,https://www.primevideo.com/detail/0K7KAPGMMXMTOZAS8UIGH2TKC4/ref=atv_br_def_r_br_c_unkc_1_5,https://www.primevideo.com/detail/0HSI2ABNW79VWU3EI4B20EWJ6K/ref=atv_br_def_r_br_c_unkc_1_5,https://www.primevideo.com/detail/0H9IREF9AZMGPWLXPXBV7YG4Q2/ref=atv_br_def_r_br_c_unkc_1_5,https://www.primevideo.com/detail/0MC6EVSBPYHB0IIXXJTY1IHR1P/ref=atv_br_def_r_br_c_unkc_1_5,https://www.primevideo.com/detail/0FEMJ3UZD4ZCT2JC6FFT8SIVMU/ref=atv_br_def_r_br_c_unkc_1_5,https://www.primevideo.com/detail/0R4O1H59XMVYKR1U4AGU54QTHF/ref=atv_br_def_r_br_c_unkc_1_5,https://www.primevideo.com/detail/0JKZBR8ZYYULU880PWTBEM93KN/ref=atv_br_def_r_br_c_unkc_1_5
5,https://www.primevideo.com/detail/0TQV0X9RJF64O24RIRD1BHH37H/ref=atv_br_def_r_br_c_unkc_1_6,https://www.primevideo.com/detail/0FBDCOKUAG7O1FBFUZJF1CAGK4/ref=atv_br_def_r_br_c_unkc_1_6,https://www.primevideo.com/detail/0SSYWY3Z0QQDLFZA6419EAIDQ6/ref=atv_br_def_r_br_c_unkc_1_6,https://www.primevideo.com/detail/0JRKHE17P9ZDL66ZNO9UXIEDZI/ref=atv_br_def_r_br_c_unkc_1_6,https://www.primevideo.com/detail/0R1YWU12P55RPK4O7W7JFJXTEM/ref=atv_br_def_r_br_c_unkc_1_6,https://www.primevideo.com/detail/0JGIGZRDFZI6JBPR2XLFQJPHU2/ref=atv_br_def_r_br_c_unkc_1_6,https://www.primevideo.com/detail/0JKTXZ7L1X19L4UQ7KDX3A6L6H/ref=atv_br_def_r_br_c_unkc_1_6,https://www.primevideo.com/detail/0TQV0X9RJF64O24RIRD1BHH37H/ref=atv_br_def_r_br_c_unkc_1_6,https://www.primevideo.com/detail/0SKRV1X21JOIO781YAVF8BP7GT/ref=atv_br_def_r_br_c_unkc_1_6,https://www.primevideo.com/detail/0IE6T3M2TXWG6JT6KO5ULCPBHQ/ref=atv_br_def_r_br_c_unkc_1_6,https://www.primevideo.com/detail/0L2CP3W1JZB3EE2KRZYSOXF221/ref=atv_br_def_r_br_c_unkc_1_6,https://www.primevideo.com/detail/0N0EXSVCF16I1DIFSE16VHEXM0/ref=atv_br_def_r_br_c_unkc_1_6,https://www.primevideo.com/detail/0QH32UG7NRSFRGZT78NFD6KED7/ref=atv_br_def_r_br_c_unkc_1_6,https://www.primevideo.com/detail/0SSXASJCFFG34TN8CBQFM0TN90/ref=atv_br_def_r_br_c_unkc_1_6,https://www.primevideo.com/detail/0L811QPHI9I4TIHPOA968A2A31/ref=atv_br_def_r_br_c_unkc_1_6,https://www.primevideo.com/detail/0L9W54HT6ZNKASYLWTLHYR7C6Z/ref=atv_br_def_r_br_c_unkc_1_6,https://www.primevideo.com/detail/0HRKZEWUMCDCQE6VMN4BS38QVN/ref=atv_br_def_r_br_c_unkc_1_6,https://www.primevideo.com/detail/0TAARXHU6YZR574455ZKCKYSOC/ref=atv_br_def_r_br_c_unkc_1_6,https://www.primevideo.com/detail/0S4N51J2L9A0ZG26FGZ6RLEVY0/ref=atv_br_def_r_br_c_unkc_1_6,https://www.primevideo.com/detail/0K30TVXNM4P9KPENX3E5GX72KA/ref=atv_br_def_r_br_c_unkc_1_6,https://www.primevideo.com/detail/0M6N4BJ37T3DKR3BH4QQ2BQD5L/ref=atv_br_def_r_br_c_unkc_1_6,https://www.primevideo.com/detail/0M99WTIQP7FPP8FFFAITKZTTYN/ref=atv_br_def_r_br_c_unkc_1_6
6,https://www.primevideo.com/detail/0K1UTCZG2R3H5NQ7WJ68D7JHM0/ref=atv_br_def_r_br_c_unkc_1_7,https://www.primevideo.com/detail/0GI1ZOJJGCMFZFPD0I3OUZOAEN/ref=atv_br_def_r_br_c_unkc_1_7,https://www.primevideo.com/detail/0N98GNCAZNI65HBK80KV0A22FR/ref=atv_br_def_r_br_c_unkc_1_7,https://www.primevideo.com/detail/0JHWB38UDDH4GZL8FS07SBOE3H/ref=atv_br_def_r_br_c_unkc_1_7,https://www.primevideo.com/detail/0OQDTFFE56EXX1Z1BU7158HJ0K/ref=atv_br_def_r_br_c_unkc_1_7,https://www.primevideo.com/detail/0T61PEFBHQ9GWXQ6RJ2NB41579/ref=atv_br_def_r_br_c_unkc_1_7,https://www.primevideo.com/detail/0JP2YUWYYUI1Q2NN73XBXXXC2T/ref=atv_br_def_r_br_c_unkc_1_7,https://www.primevideo.com/detail/0QH32UG7NRSFRGZT78NFD6KED7/ref=atv_br_def_r_br_c_unkc_1_7,https://www.primevideo.com/detail/0GD02T4MAIDMK8CLRN1HT2ZHW8/ref=atv_br_def_r_br_c_unkc_1_7,https://www.primevideo.com/detail/0IQZGQCXTHENSFB9YAUXN3HQ44/ref=atv_br_def_r_br_c_unkc_1_7,https://www.primevideo.com/detail/0J80QLS1VW84KTO0XWOR4WVHVS/ref=atv_br_def_r_br_c_unkc_1_7,https://www.primevideo.com/detail/0FWM6LXBGLJP0XQDQYPI9H4PMH/ref=atv_br_def_r_br_c_unkc_1_7,https://www.primevideo.com/detail/0OLFV66669RCQ9BSC7YCWOZA6S/ref=atv_br_def_r_br_c_unkc_1_7,https://www.primevideo.com/detail/0OUGRSCVMMK2NWFO4NMCY947UP/ref=atv_br_def_r_br_c_unkc_1_7,https://www.primevideo.com/detail/0G2G9F9BZAJUW8XZ2RQ5N3MRBS/ref=atv_br_def_r_br_c_unkc_1_7,https://www.primevideo.com/detail/0N6V5OIQ8HCKY5PUBZD2H1UR73/ref=atv_br_def_r_br_c_unkc_1_7,https://www.primevideo.com/detail/0J99ZA1CGSZOMQW0L01RUZ6M8M/ref=atv_br_def_r_br_c_unkc_1_7,https://www.primevideo.com/detail/0Q13CPSYU48QEG4VYYZ552WP6A/ref=atv_br_def_r_br_c_unkc_1_7,https://www.primevideo.com/detail/0QQWP4L64PGKUA98O7ZFX5QSBH/ref=atv_br_def_r_br_c_unkc_1_7,https://www.primevideo.com/detail/0T646OX926YJGK0QMLMVTC6MUY/ref=atv_br_def_r_br_c_unkc_1_7,https://www.primevideo.com/detail/0P0O26KGGI630TZ4T2VGPV7R8P/ref=atv_br_def_r_br_c_unkc_1_7,https://www.primevideo.com/detail/0OFK1ON4RH50EXLGR5ZCHQ5ACV/ref=atv_br_def_r_br_c_unkc_1_7
7,https://www.primevideo.com/detail/0IP8XHT2M4ZBJ6OW6DY6HIO33M/ref=atv_br_def_r_br_c_unkc_1_8,https://www.primevideo.com/detail/0KRIACGNJC4VGD5XVFOGEHFZRR/ref=atv_br_def_r_br_c_unkc_1_8,https://www.primevideo.com/detail/0GYK9GKLR70SJPOJV2C6X2N58N/ref=atv_br_def_r_br_c_unkc_1_8,https://www.primevideo.com/detail/0S214U3ZOC5KYQAOIU5KLLC9UK/ref=atv_br_def_r_br_c_unkc_1_8,https://www.primevideo.com/detail/0HNZIYOI76383DKI61QMTROL4K/ref=atv_br_def_r_br_c_unkc_1_8,https://www.primevideo.com/detail/0TZVVH2RSQD0SA85R3EFS7R3V6/ref=atv_br_def_r_br_c_unkc_1_8,https://www.primevideo.com/detail/0N0H2EL7ZDU2U5XGA220OI2C0L/ref=atv_br_def_r_br_c_unkc_1_8,https://www.primevideo.com/detail/0OLFV66669RCQ9BSC7YCWOZA6S/ref=atv_br_def_r_br_c_unkc_1_8,https://www.primevideo.com/detail/0KDMF7G7KIFB6RVGJDWZZTDNO6/ref=atv_br_def_r_br_c_unkc_1_8,https://www.primevideo.com/detail/0S214U3ZOC5KYQAOIU5KLLC9UK/ref=atv_br_def_r_br_c_unkc_1_8,https://www.primevideo.com/detail/0FGA4QLEQXREJ3OE4AW6WREN41/ref=atv_br_def_r_br_c_unkc_1_8,https://www.primevideo.com/detail/0R1DH7221J6EZWITC0PSK6EMFJ/ref=atv_br_def_r_br_c_unkc_1_8,https://www.primevideo.com/detail/0N0VRKCHYKXDHEV50D8IZF3LFU/ref=atv_br_def_r_br_c_unkc_1_8,https://www.primevideo.com/detail/0TAUXWHEAUYZ4MVIGUT44WCFVF/ref=atv_br_def_r_br_c_unkc_1_8,https://www.primevideo.com/detail/0SSYWY3Z0QQDLFZA6419EAIDQ6/ref=atv_br_def_r_br_c_unkc_1_8,https://www.primevideo.com/detail/0STBXI66Z6MYO3WC6GNXCSX4Y3/ref=atv_br_def_r_br_c_unkc_1_8,https://www.primevideo.com/detail/0LPM9D6PWOSCEAUBEXO10YKQBB/ref=atv_br_def_r_br_c_unkc_1_8,https://www.primevideo.com/detail/0HW7PY4FKOUVOT9XJ1IJQ5IZKD/ref=atv_br_def_r_br_c_unkc_1_8,https://www.primevideo.com/detail/0RE6TXKE7M3MX3QIETKULLY2TL/ref=atv_br_def_r_br_c_unkc_1_8,https://www.primevideo.com/detail/0PDPOS42MH49808D23SCQBZ0K1/ref=atv_br_def_r_br_c_unkc_1_8,https://www.primevideo.com/detail/0PQHC24LNP79IN794IJWB9HB1D/ref=atv_br_def_r_br_c_unkc_1_8,https://www.primevideo.com/detail/0KLK1WJ8GTZGR7R97U6Z9A3BB7/ref=atv_br_def_r_br_c_unkc_1_8
8,https://www.primevideo.com/detail/0QH32UG7NRSFRGZT78NFD6KED7/ref=atv_br_def_r_br_c_unkc_1_9,https://www.primevideo.com/detail/0FWOM5WG4FK3Y7M0KU4MRVBKJC/ref=atv_br_def_r_br_c_unkc_1_9,https://www.primevideo.com/detail/0Q4AC6SKJX7EY2GHJFHLZMQ1XZ/ref=atv_br_def_r_br_c_unkc_1_9,https://www.primevideo.com/detail/0M5I8SOOEXGH0L2CS5Z6W30HX1/ref=atv_br_def_r_br_c_unkc_1_9,https://www.primevideo.com/detail/0TQV0X9RJF64O24RIRD1BHH37H/ref=atv_br_def_r_br_c_unkc_1_9,https://www.primevideo.com/detail/0S7XYWXLBDNP77SIOXUQMIXXJT/ref=atv_br_def_r_br_c_unkc_1_9,https://www.primevideo.com/detail/0F71T3M8EZ4GK92TSV8VJYRS4A/ref=atv_br_def_r_br_c_unkc_1_9,https://www.primevideo.com/detail/0L2CP3W1JZB3EE2KRZYSOXF221/ref=atv_br_def_r_br_c_unkc_1_9,https://www.primevideo.com/detail/0SGK09IBH6VRP5Q5GGV1A9NTMF/ref=atv_br_def_r_br_c_unkc_1_9,https://www.primevideo.com/detail/0KYAIYZCOPJMRBHUTSVRIQIPFX/ref=atv_br_def_r_br_c_unkc_1_9,https://www.primevideo.com/detail/0FCWWK4GYJYW3VNPGBAQOE5IVR/ref=atv_br_def_r_br_c_unkc_1_9,https://www.primevideo.com/detail/0IZIGS3J12SA8YI4UQQT2OS4WY/ref=atv_br_def_r_br_c_unkc_1_9,https://www.primevideo.com/detail/0R36EFFNE3NAX3JD5LVCL2PVWW/ref=atv_br_def_r_br_c_unkc_1_9,https://www.primevideo.com/detail/0HKBCOWZ6L75JX0GXBANJSQLIM/ref=atv_br_def_r_br_c_unkc_1_9,https://www.primevideo.com/detail/0JSVEYV0WDR309IGE4QL8LJZEQ/ref=atv_br_def_r_br_c_unkc_1_9,https://www.primevideo.com/detail/0MNPNBTQEYNXZHB7B41T98YCMV/ref=atv_br_def_r_br_c_unkc_1_9,https://www.primevideo.com/detail/0K0YSZJX9BFZRH2PJ8Q39AV7U3/ref=atv_br_def_r_br_c_unkc_1_9,https://www.primevideo.com/detail/0FTJ8HZGS3HM50AJ2K39GDSB41/ref=atv_br_def_r_br_c_unkc_1_9,https://www.primevideo.com/detail/0HUIMKLTXQD2OEWX3Q9X27RZUP/ref=atv_br_def_r_br_c_unkc_1_9,https://www.primevideo.com/detail/0JTD3RB41T4IP8FHYNY3V4280V/ref=atv_br_def_r_br_c_unkc_1_9,https://www.primevideo.com/detail/0IIGQOKZRL1VH38D39TGQ36NWM/ref=atv_br_def_r_br_c_unkc_1_9,https://www.primevideo.com/detail/0NJCY7IZ9BQQ0VQVFQ1Q4XEPX8/ref=atv_br_def_r_br_c_unkc_1_9
9,https://www.primevideo.com/detail/0OLFV66669RCQ9BSC7YCWOZA6S/ref=atv_br_def_r_br_c_unkc_1_10,https://www.primevideo.com/detail/0I3U5SAUN2NYL3GWZ9SJKF7W43/ref=atv_br_def_r_br_c_unkc_1_10,https://www.primevideo.com/detail/0N0EXSVCF16I1DIFSE16VHEXM0/ref=atv_br_def_r_br_c_unkc_1_10,https://www.primevideo.com/detail/0O70YUH4XFA23SAOXVWBJW2JZ7/ref=atv_br_def_r_br_c_unkc_1_10,https://www.primevideo.com/detail/0QH32UG7NRSFRGZT78NFD6KED7/ref=atv_br_def_r_br_c_unkc_1_10,https://www.primevideo.com/detail/0TEKHVKT7A569PK1IAL53VJEAC/ref=atv_br_def_r_br_c_unkc_1_10,https://www.primevideo.com/detail/0JGKMSCFA73H8Q7D5KI891RTS2/ref=atv_br_def_r_br_c_unkc_1_10,https://www.primevideo.com/detail/0N0VRKCHYKXDHEV50D8IZF3LFU/ref=atv_br_def_r_br_c_unkc_1_10,https://www.primevideo.com/detail/0PUSKSORKP42IF22YWDQIWPB27/ref=atv_br_def_r_br_c_unkc_1_10,https://www.primevideo.com/detail/0OB9BN3ZX1GFN30ICJA6CJ3C8V/ref=atv_br_def_r_br_c_unkc_1_10,https://www.primevideo.com/detail/0KMROWFOPA42E6ZLPSLZHL2WJS/ref=atv_br_def_r_br_c_unkc_1_10,https://www.primevideo.com/detail/0TZV1UJ71TP46I86TZZ50HUJMW/ref=atv_br_def_r_br_c_unkc_1_10,https://www.primevideo.com/detail/0RZEG1T2RQ0MVN1NC9SOV322G0/ref=atv_br_def_r_br_c_unkc_1_10,https://www.primevideo.com/detail/0HX3L54E0HZB7QNWTYABW1DUPO/ref=atv_br_def_r_br_c_unkc_1_10,https://www.primevideo.com/detail/0P7XO975B8CJW07QF6NY4P5P5D/ref=atv_br_def_r_br_c_unkc_1_10,https://www.primevideo.com/detail/0MUH0EX7KKXU8YDFORZ74OT5QU/ref=atv_br_def_r_br_c_unkc_1_10,https://www.primevideo.com/detail/0SYRX8YF6AG4VHAIWUBQF7WJU4/ref=atv_br_def_r_br_c_unkc_1_10,https://www.primevideo.com/detail/0JK4YVTPD936GNDGRPYWTM93IO/ref=atv_br_def_r_br_c_unkc_1_10,https://www.primevideo.com/detail/0LT3BH9ER6A4LDCPAZX40GWOAK/ref=atv_br_def_r_br_c_unkc_1_10,https://www.primevideo.com/detail/0GDRQEQRMGORJ59ELDD3I468PG/ref=atv_br_def_r_br_c_unkc_1_10,https://www.primevideo.com/detail/0MQQG1KHO3EQRSEJXJMUFZ3LA0/ref=atv_br_def_r_br_c_unkc_1_10,https://www.primevideo.com/detail/0IZK9E112IIRUXTG9THOU1PAYC/ref=atv_br_def_r_br_c_unkc_1_10
10,https://www.primevideo.com/detail/0L2CP3W1JZB3EE2KRZYSOXF221/ref=atv_br_def_r_br_c_unkc_1_11,,https://www.primevideo.com/detail/0NHHVWJOCC3LSSK23856UBOZZW/ref=atv_br_def_r_br_c_unkc_1_11,https://www.primevideo.com/detail/0KXHN4TK00KCIBZXVV7DGGQT5G/ref=atv_br_def_r_br_c_unkc_1_11,https://www.primevideo.com/detail/0OLFV66669RCQ9BSC7YCWOZA6S/ref=atv_br_def_r_br_c_unkc_1_11,https://www.primevideo.com/detail/0NHHVWJOCC3LSSK23856UBOZZW/ref=atv_br_def_r_br_c_unkc_1_11,https://www.primevideo.com/detail/0PWXIX1M3S1T2Q3W4CBD3LCA5D/ref=atv_br_def_r_br_c_unkc_1_11,https://www.primevideo.com/detail/0SZXSUQZL51Z6RI01Q2KEKVX33/ref=atv_br_def_r_br_c_unkc_1_11,https://www.primevideo.com/detail/0OBC2ORLGUNWNIOWPWCMUFBFM9/ref=atv_br_def_r_br_c_unkc_1_11,https://www.primevideo.com/detail/0PGC9JU7BKJHGBQNKE9B9FDNT8/ref=atv_br_def_r_br_c_unkc_1_11,https://www.primevideo.com/detail/0KF15RP03LOCHLXIVU0MITD6KU/ref=atv_br_def_r_br_c_unkc_1_11,https://www.primevideo.com/detail/0JBT5G9YFQ2M7U1665L880C3S0/ref=atv_br_def_r_br_c_unkc_1_11,https://www.primevideo.com/detail/0FGA4QLEQXREJ3OE4AW6WREN41/ref=atv_br_def_r_br_c_unkc_1_11,https://www.primevideo.com/detail/0JGIGZRDFZI6JBPR2XLFQJPHU2/ref=atv_br_def_r_br_c_unkc_1_11,https://www.primevideo.com/detail/0OF5QKF8SBCOK9G7XIIAKH14N4/ref=atv_br_def_r_br_c_unkc_1_11,https://www.primevideo.com/detail/0S2PW1O2U2M82DZJS9I6ISWGHR/ref=atv_br_def_r_br_c_unkc_1_11,https://www.primevideo.com/detail/0J3P3YR0EY6VQE3DXHOF21WOG7/ref=atv_br_def_r_br_c_unkc_1_11,https://www.primevideo.com/detail/0TZHFUNHP4EAAW0GNHIBT853Z9/ref=atv_br_def_r_br_c_unkc_1_11,https://www.primevideo.com/detail/0FRWR743OF8L6MH2APVJOUM7V4/ref=atv_br_def_r_br_c_unkc_1_11,https://www.primevideo.com/detail/0PDOS08MEL90OYXGFD54AUQAA9/ref=atv_br_def_r_br_c_unkc_1_11,https://www.primevideo.com/detail/0LC3RVA0TCE2G2ENRK2EP0IWA9/ref=atv_br_def_r_br_c_unkc_1_11,https://www.primevideo.com/detail/0HJYE5PPPLXHRQCT51DNTP9UE4/ref=atv_br_def_r_br_c_unkc_1_11
11,https://www.primevideo.com/detail/0N0VRKCHYKXDHEV50D8IZF3LFU/ref=atv_br_def_r_br_c_unkc_1_12,,https://www.primevideo.com/detail/0N6V5OIQ8HCKY5PUBZD2H1UR73/ref=atv_br_def_r_br_c_unkc_1_12,https://www.primevideo.com/detail/0I34EHX3H988EBI0UCAZST3US9/ref=atv_br_def_r_br_c_unkc_1_12,https://www.primevideo.com/detail/0L2CP3W1JZB3EE2KRZYSOXF221/ref=atv_br_def_r_br_c_unkc_1_12,https://www.primevideo.com/detail/0PGVJVF04OM21GHZB2J5ADQVEU/ref=atv_br_def_r_br_c_unkc_1_12,https://www.primevideo.com/detail/0TVTI87V8QIFYH9GLD3QMQYKZX/ref=atv_br_def_r_br_c_unkc_1_12,https://www.primevideo.com/detail/0SBUCF1S6UH0FL3XWXLFMU1CDB/ref=atv_br_def_r_br_c_unkc_1_12,https://www.primevideo.com/detail/0GQIMDI3ZVFF7USOWFV9ZPNOGP/ref=atv_br_def_r_br_c_unkc_1_12,https://www.primevideo.com/detail/0KRI8X1ZL7MVLCGZ1TZOLC84MW/ref=atv_br_def_r_br_c_unkc_1_12,https://www.primevideo.com/detail/0FGURA7QG2V4L499UCH2X2LG79/ref=atv_br_def_r_br_c_unkc_1_12,https://www.primevideo.com/detail/0FSD6HHS6HH8MFH6QJ8IOURL0V/ref=atv_br_def_r_br_c_unkc_1_12,https://www.primevideo.com/detail/0KMROWFOPA42E6ZLPSLZHL2WJS/ref=atv_br_def_r_br_c_unkc_1_12,https://www.primevideo.com/detail/0T61PEFBHQ9GWXQ6RJ2NB41579/ref=atv_br_def_r_br_c_unkc_1_12,https://www.primevideo.com/detail/0TTMDX8S7AH2F9O7AQH8ALX16L/ref=atv_br_def_r_br_c_unkc_1_12,https://www.primevideo.com/detail/0IQZ0INBKDIR7PPSO9G92WB4A1/ref=atv_br_def_r_br_c_unkc_1_12,https://www.primevideo.com/detail/0PI0IFOE2K9DGDC2N6YOLYBX4O/ref=atv_br_def_r_br_c_unkc_1_12,https://www.primevideo.com/detail/0MJGGC0WM1QZ2UZNLRGS5ZJELA/ref=atv_br_def_r_br_c_unkc_1_12,https://www.primevideo.com/detail/0OJUN6WNHLHR9PSD1XE5FY1Q4N/ref=atv_br_def_r_br_c_unkc_1_12,https://www.primevideo.com/detail/0HRLABBTFO3VFCBYD1AC98XMWQ/ref=atv_br_def_r_br_c_unkc_1_12,https://www.primevideo.com/detail/0OPK3HOTG7EIQBAPPSXN0E3E78/ref=atv_br_def_r_br_c_unkc_1_12,https://www.primevideo.com/detail/0F60MUSAJ8BZZHZIEQBBBFRWMV/ref=atv_br_def_r_br_c_unkc_1_12
12,https://www.primevideo.com/detail/0SBUCF1S6UH0FL3XWXLFMU1CDB/ref=atv_br_def_r_br_c_unkc_1_13,,https://www.primevideo.com/detail/0LH1GMRIWABG6AFSW62O3BJJHH/ref=atv_br_def_r_br_c_unkc_1_13,https://www.primevideo.com/detail/0GZ2LE5BY2CRP61ER2IEOTWHEG/ref=atv_br_def_r_br_c_unkc_1_13,https://www.primevideo.com/detail/0J80QLS1VW84KTO0XWOR4WVHVS/ref=atv_br_def_r_br_c_unkc_1_13,https://www.primevideo.com/detail/0NPZVHCWFV5VAHMMMZF8BO6OUR/ref=atv_br_def_r_br_c_unkc_1_13,https://www.primevideo.com/detail/0GUTINSYHUOCW4MHV6Z630KNFW/ref=atv_br_def_r_br_c_unkc_1_13,https://www.primevideo.com/detail/0NAYXIJCTI3GODKFKH72W9ZZ6I/ref=atv_br_def_r_br_c_unkc_1_13,https://www.primevideo.com/detail/0ST9VPY2NV9FEFUQWTJPGV556P/ref=atv_br_def_r_br_c_unkc_1_13,https://www.primevideo.com/detail/0QG72VA3GPICREF3JCK99QRJ9C/ref=atv_br_def_r_br_c_unkc_1_13,https://www.primevideo.com/detail/0K4D2Z86RZO6UQE5YUNZW65QVM/ref=atv_br_def_r_br_c_unkc_1_13,https://www.primevideo.com/detail/0I9V8J7ULXMS79SCYQS7FN0JS3/ref=atv_br_def_r_br_c_unkc_1_13,https://www.primevideo.com/detail/0I2ET4A3FLUF8NJRU26JKAYEZM/ref=atv_br_def_r_br_c_unkc_1_13,https://www.primevideo.com/detail/0QT0CX98I7F4XBW62GNJ1PWQ14/ref=atv_br_def_r_br_c_unkc_1_13,https://www.primevideo.com/detail/0JGGYIVHNCF888NP59KGK9RT0Z/ref=atv_br_def_r_br_c_unkc_1_13,https://www.primevideo.com/detail/0T0FZNLRN9CG3IFZITRC06LD9R/ref=atv_br_def_r_br_c_unkc_1_13,https://www.primevideo.com/detail/0MF8L3DRDSRN09BOC87ZIF6SY3/ref=atv_br_def_r_br_c_unkc_1_13,https://www.primevideo.com/detail/0PHYD1GGVJ9T12NPLGCID0PUHV/ref=atv_br_def_r_br_c_unkc_1_13,https://www.primevideo.com/detail/0HOOJBA8JTQ7IEPKL1F1D2NTTH/ref=atv_br_def_r_br_c_unkc_1_13,https://www.primevideo.com/detail/0NC55DN2BLRIG9T8Y2O21YIF0H/ref=atv_br_def_r_br_c_unkc_1_13,https://www.primevideo.com/detail/0RAOC6C7732ZZYQP09A8Y8M9LI/ref=atv_br_def_r_br_c_unkc_1_13,https://www.primevideo.com/detail/0M1I1NM80W3NP4P4HLVWEUVI4Z/ref=atv_br_def_r_br_c_unkc_1_13
13,https://www.primevideo.com/detail/0L811QPHI9I4TIHPOA968A2A31/ref=atv_br_def_r_br_c_unkc_1_14,,https://www.primevideo.com/detail/0H9IREF9AZMGPWLXPXBV7YG4Q2/ref=atv_br_def_r_br_c_unkc_1_14,https://www.primevideo.com/detail/0T63E6KT8W75016NQBQQH1HOT1/ref=atv_br_def_r_br_c_unkc_1_14,https://www.primevideo.com/detail/0N0VRKCHYKXDHEV50D8IZF3LFU/ref=atv_br_def_r_br_c_unkc_1_14,https://www.primevideo.com/detail/0R9X373AX96LYVD1WJDHZB487C/ref=atv_br_def_r_br_c_unkc_1_14,https://www.primevideo.com/detail/0GDPCQ65PO0YNZFG2JOQAKLVAF/ref=atv_br_def_r_br_c_unkc_1_14,https://www.primevideo.com/detail/0L811QPHI9I4TIHPOA968A2A31/ref=atv_br_def_r_br_c_unkc_1_14,https://www.primevideo.com/detail/0QBT4NEBA482R1SHFRCJ4P0M9T/ref=atv_br_def_r_br_c_unkc_1_14,https://www.primevideo.com/detail/0G0XUUKMEE0FXVOUM0I4Q18WTM/ref=atv_br_def_r_br_c_unkc_1_14,https://www.primevideo.com/detail/0JSVEYV0WDR309IGE4QL8LJZEQ/ref=atv_br_def_r_br_c_unkc_1_14,https://www.primevideo.com/detail/0SP1ZIBCTJNEP1GAZC7IO4L93F/ref=atv_br_def_r_br_c_unkc_1_14,https://www.primevideo.com/detail/0K4D2Z86RZO6UQE5YUNZW65QVM/ref=atv_br_def_r_br_c_unkc_1_14,https://www.primevideo.com/detail/0TZVVH2RSQD0SA85R3EFS7R3V6/ref=atv_br_def_r_br_c_unkc_1_14,https://www.primevideo.com/detail/0QX66SSDNUNAAZ7YPX6I82BD30/ref=atv_br_def_r_br_c_unkc_1_14,https://www.primevideo.com/detail/0RS62LESB81SLTBRZPZQET0HFC/ref=atv_br_def_r_br_c_unkc_1_14,https://www.primevideo.com/detail/0JHWWOHVGM899NQ7WY20O6Z5TH/ref=atv_br_def_r_br_c_unkc_1_14,https://www.primevideo.com/detail/0Q14XPCF8HCIASORJYUFVVBMDO/ref=atv_br_def_r_br_c_unkc_1_14,https://www.primevideo.com/detail/0JEVCMGGUEKI8O7TU3DVL47MHP/ref=atv_br_def_r_br_c_unkc_1_14,https://www.primevideo.com/detail/0QX4OQXXU6DQVNMXT7WXL3SQ20/ref=atv_br_def_r_br_c_unkc_1_14,https://www.primevideo.com/detail/0PDQ2J67ZT71AK4NIFMWOGRIQA/ref=atv_br_def_r_br_c_unkc_1_14,https://www.primevideo.com/detail/0J3T5GV0Y248A9NNIA3N6E9W8L/ref=atv_br_def_r_br_c_unkc_1_14
14,https://www.primevideo.com/detail/0RZEG1T2RQ0MVN1NC9SOV322G0/ref=atv_br_def_r_br_c_unkc_1_15,,https://www.primevideo.com/detail/0QX66SSDNUNAAZ7YPX6I82BD30/ref=atv_br_def_r_br_c_unkc_1_15,https://www.primevideo.com/detail/0S3L11V313KO8JO2NX2YLWM684/ref=atv_br_def_r_br_c_unkc_1_15,https://www.primevideo.com/detail/0SZXSUQZL51Z6RI01Q2KEKVX33/ref=atv_br_def_r_br_c_unkc_1_15,https://www.primevideo.com/detail/0JP2YUWYYUI1Q2NN73XBXXXC2T/ref=atv_br_def_r_br_c_unkc_1_15,https://www.primevideo.com/detail/0SXJRMEMFM7C7V4ZEQPLMW1HOB/ref=atv_br_def_r_br_c_unkc_1_15,https://www.primevideo.com/detail/0R36EFFNE3NAX3JD5LVCL2PVWW/ref=atv_br_def_r_br_c_unkc_1_15,https://www.primevideo.com/detail/0FBDDG7OT79SEWCLFWRJ7F62SF/ref=atv_br_def_r_br_c_unkc_1_15,https://www.primevideo.com/detail/0P9H2XY55A4GZFJQ0F2ZKPX0VV/ref=atv_br_def_r_br_c_unkc_1_15,https://www.primevideo.com/detail/0IE81NLJ76SMXNZFNXSO19XWRK/ref=atv_br_def_r_br_c_unkc_1_15,https://www.primevideo.com/detail/0GDOSN3PNYEABPN3MZ4NDAK9KT/ref=atv_br_def_r_br_c_unkc_1_15,https://www.primevideo.com/detail/0N98GNCAZNI65HBK80KV0A22FR/ref=atv_br_def_r_br_c_unkc_1_15,https://www.primevideo.com/detail/0S7XYWXLBDNP77SIOXUQMIXXJT/ref=atv_br_def_r_br_c_unkc_1_15,https://www.primevideo.com/detail/0I6NMDZN60TAEX0KLYU4WY7772/ref=atv_br_def_r_br_c_unkc_1_15,https://www.primevideo.com/detail/0TACV66PTG0C9YEUJV99BJXV0X/ref=atv_br_def_r_br_c_unkc_1_15,https://www.primevideo.com/detail/0SCAFGQ42H9UGS1RSKJ78U27JE/ref=atv_br_def_r_br_c_unkc_1_15,https://www.primevideo.com/detail/0SMULSAT7BOPQUV8YUMV3G7LP4/ref=atv_br_def_r_br_c_unkc_1_15,https://www.primevideo.com/detail/0F60OTIPPW6ZITUPHAR6U4NWMS/ref=atv_br_def_r_br_c_unkc_1_15,https://www.primevideo.com/detail/0P56E16RD4WFH9BV0EGBVM3EG2/ref=atv_br_def_r_br_c_unkc_1_15,https://www.primevideo.com/detail/0U1B3AJIV542QVTEQ9HWHBFWAR/ref=atv_br_def_r_br_c_unkc_1_15,https://www.primevideo.com/detail/0TN648O6G7838FE9YJMEKQ7PK9/ref=atv_br_def_r_br_c_unkc_1_15
15,https://www.primevideo.com/detail/0FGA4QLEQXREJ3OE4AW6WREN41/ref=atv_br_def_r_br_c_unkc_1_16,,https://www.primevideo.com/detail/0KRH21HZEEX3FGTRXV0D3O3R61/ref=atv_br_def_r_br_c_unkc_1_16,https://www.primevideo.com/detail/0QG72VA3GPICREF3JCK99QRJ9C/ref=atv_br_def_r_br_c_unkc_1_16,https://www.primevideo.com/detail/0SBUCF1S6UH0FL3XWXLFMU1CDB/ref=atv_br_def_r_br_c_unkc_1_16,https://www.primevideo.com/detail/0TIWDT39OJ8ALKTKVEKVR5L1JH/ref=atv_br_def_r_br_c_unkc_1_16,https://www.primevideo.com/detail/0TPWWMQDWWCYGWG3QDIK311U8T/ref=atv_br_def_r_br_c_unkc_1_16,https://www.primevideo.com/detail/0RZEG1T2RQ0MVN1NC9SOV322G0/ref=atv_br_def_r_br_c_unkc_1_16,https://www.primevideo.com/detail/0PQHLWGWBLUA5UUGF0U4ZEVC05/ref=atv_br_def_r_br_c_unkc_1_16,https://www.primevideo.com/detail/0H7N0O7MEQ7XVZT5JOWR0E3VE3/ref=atv_br_def_r_br_c_unkc_1_16,https://www.primevideo.com/detail/0IJ8D8SL1AK5UAJB8GDABXW914/ref=atv_br_def_r_br_c_unkc_1_16,https://www.primevideo.com/detail/0GGH41HVCNP7B18GDI6NHAWKBP/ref=atv_br_def_r_br_c_unkc_1_16,https://www.primevideo.com/detail/0IE81NLJ76SMXNZFNXSO19XWRK/ref=atv_br_def_r_br_c_unkc_1_16,https://www.primevideo.com/detail/0TEKHVKT7A569PK1IAL53VJEAC/ref=atv_br_def_r_br_c_unkc_1_16,https://www.primevideo.com/detail/0R5IW2WLZGW3L4SNC89SNMC9GJ/ref=atv_br_def_r_br_c_unkc_1_16,https://www.primevideo.com/detail/0JY80VVCIS0MBBO3PP193Q5NF4/ref=atv_br_def_r_br_c_unkc_1_16,https://www.primevideo.com/detail/0SGDBWOKMSFOY91IXF99QFVCMC/ref=atv_br_def_r_br_c_unkc_1_16,https://www.primevideo.com/detail/0FAIQUYP1RKLJCYUY0G5PV1I1S/ref=atv_br_def_r_br_c_unkc_1_16,https://www.primevideo.com/detail/0K293QQYB9WS58ZL52O8WZYO9T/ref=atv_br_def_r_br_c_unkc_1_16,https://www.primevideo.com/detail/0OZWS3B7Q8FXYXFOYVYUC1DGDC/ref=atv_br_def_r_br_c_unkc_1_16,https://www.primevideo.com/detail/0RX269AG8DMDKHJF8IVRQM5V6T/ref=atv_br_def_r_br_c_unkc_1_16,https://www.primevideo.com/detail/0Q8HXKA0KCQF5TG6J2L77HEP1P/ref=atv_br_def_r_br_c_unkc_1_16
16,https://www.primevideo.com/detail/0G2G9F9BZAJUW8XZ2RQ5N3MRBS/ref=atv_br_def_r_br_c_unkc_1_17,,https://www.primevideo.com/detail/0SH8TM23MQ5BK2NPOPLMIJPHAV/ref=atv_br_def_r_br_c_unkc_1_17,https://www.primevideo.com/detail/0SQ2VXM1IWW2106L9SK1KJIWHH/ref=atv_br_def_r_br_c_unkc_1_17,https://www.primevideo.com/detail/0L811QPHI9I4TIHPOA968A2A31/ref=atv_br_def_r_br_c_unkc_1_17,https://www.primevideo.com/detail/0NSJS4GQDE672N7YBE11FICHW2/ref=atv_br_def_r_br_c_unkc_1_17,https://www.primevideo.com/detail/0P0SB16YSFIDD3W914XKUC02LI/ref=atv_br_def_r_br_c_unkc_1_17,https://www.primevideo.com/detail/0FGA4QLEQXREJ3OE4AW6WREN41/ref=atv_br_def_r_br_c_unkc_1_17,https://www.primevideo.com/detail/0QX3QMAU4DVJ8VJR6D5S1EZ818/ref=atv_br_def_r_br_c_unkc_1_17,https://www.primevideo.com/detail/0FFFBN1FCUTS4K7T95NO9GKQT5/ref=atv_br_def_r_br_c_unkc_1_17,https://www.primevideo.com/detail/0K7KAPGMMXMTOZAS8UIGH2TKC4/ref=atv_br_def_r_br_c_unkc_1_17,https://www.primevideo.com/detail/0OAWTZA1FUS4M577IJJ5RG3T6R/ref=atv_br_def_r_br_c_unkc_1_17,https://www.primevideo.com/detail/0GYK9GKLR70SJPOJV2C6X2N58N/ref=atv_br_def_r_br_c_unkc_1_17,https://www.primevideo.com/detail/0FBFD2JO6XZG7RFMU2OPSGE0FW/ref=atv_br_def_r_br_c_unkc_1_17,https://www.primevideo.com/detail/0OJCV1XTDCZAQ4GRB3A67OFGCR/ref=atv_br_def_r_br_c_unkc_1_17,https://www.primevideo.com/detail/0F8SBEDRLMGXRBSTGYW7QFOW47/ref=atv_br_def_r_br_c_unkc_1_17,https://www.primevideo.com/detail/0P4WNZDUUCZ9NJWLMGTC3YGZKS/ref=atv_br_def_r_br_c_unkc_1_17,https://www.primevideo.com/detail/0HSX48NX10F7FNFT6TERDNX6J2/ref=atv_br_def_r_br_c_unkc_1_17,https://www.primevideo.com/detail/0LVKCB254TBDZE5X7HTKRL4JGQ/ref=atv_br_def_r_br_c_unkc_1_17,https://www.primevideo.com/detail/0IVAM8OP0WI4DT5M7RSMIMXPMT/ref=atv_br_def_r_br_c_unkc_1_17,https://www.primevideo.com/detail/0O3IXG5JJ2DM6VN5HADFRE3V3O/ref=atv_br_def_r_br_c_unkc_1_17,https://www.primevideo.com/detail/0STD5FDGLISTOJL07Z60ZKER8X/ref=atv_br_def_r_br_c_unkc_1_17
17,https://www.primevideo.com/detail/0FGURA7QG2V4L499UCH2X2LG79/ref=atv_br_def_r_br_c_unkc_1_18,,https://www.primevideo.com/detail/0NYHSFYWJ9N8IBX7DDLWL8S5ZS/ref=atv_br_def_r_br_c_unkc_1_18,https://www.primevideo.com/detail/0HH267MOJG3LKDZUUHJO97LU4Z/ref=atv_br_def_r_br_c_unkc_1_18,https://www.primevideo.com/detail/0R36EFFNE3NAX3JD5LVCL2PVWW/ref=atv_br_def_r_br_c_unkc_1_18,https://www.primevideo.com/detail/0MJBRQ95DKKF19QQLDC9GB7A5X/ref=atv_br_def_r_br_c_unkc_1_18,https://www.primevideo.com/detail/0HH7ZPZ02KUG8O4ET1ALJMBWD9/ref=atv_br_def_r_br_c_unkc_1_18,https://www.primevideo.com/detail/0G2G9F9BZAJUW8XZ2RQ5N3MRBS/ref=atv_br_def_r_br_c_unkc_1_18,https://www.primevideo.com/detail/0R9U963L5HBW3ZPSQESNBI989G/ref=atv_br_def_r_br_c_unkc_1_18,https://www.primevideo.com/detail/0OWNFZ3YONGSE9GRENPZ32F3EX/ref=atv_br_def_r_br_c_unkc_1_18,https://www.primevideo.com/detail/0P7XO975B8CJW07QF6NY4P5P5D/ref=atv_br_def_r_br_c_unkc_1_18,https://www.primevideo.com/detail/0PQER72V4TAJKOQ63PBUOC8VXN/ref=atv_br_def_r_br_c_unkc_1_18,https://www.primevideo.com/detail/0IJ8D8SL1AK5UAJB8GDABXW914/ref=atv_br_def_r_br_c_unkc_1_18,https://www.primevideo.com/detail/0T9T66NERYD9X0JZAOABMXIQDO/ref=atv_br_def_r_br_c_unkc_1_18,https://www.primevideo.com/detail/0U57AXLPYCP2QBJ4P10GD4LYST/ref=atv_br_def_r_br_c_unkc_1_18,https://www.primevideo.com/detail/0JK2CGVW69R8QNUFFQZJQK4CK7/ref=atv_br_def_r_br_c_unkc_1_18,https://www.primevideo.com/detail/0RGEILO4PHSVB5ND1GL2PNMMBV/ref=atv_br_def_r_br_c_unkc_1_18,https://www.primevideo.com/detail/0U5IGE0DWDK55OV68MU5YKDUS9/ref=atv_br_def_r_br_c_unkc_1_18,https://www.primevideo.com/detail/0PIGVYAHIW9G2X1QJX46ROX31F/ref=atv_br_def_r_br_c_unkc_1_18,https://www.primevideo.com/detail/0R9W0QVDCJQYZWHIWZH64WYQLZ/ref=atv_br_def_r_br_c_unkc_1_18,https://www.primevideo.com/detail/0OWE97L3JIQWCDLBUO6CSPHSPF/ref=atv_br_def_r_br_c_unkc_1_18,https://www.primevideo.com/detail/0PY1FO30094J6B3YGUWUJAKD6Y/ref=atv_br_def_r_br_c_unkc_1_18
18,https://www.primevideo.com/detail/0K4D2Z86RZO6UQE5YUNZW65QVM/ref=atv_br_def_r_br_c_unkc_1_19,,https://www.primevideo.com/detail/0IZIGS3J12SA8YI4UQQT2OS4WY/ref=atv_br_def_r_br_c_unkc_1_19,https://www.primevideo.com/detail/0G0XUUKMEE0FXVOUM0I4Q18WTM/ref=atv_br_def_r_br_c_unkc_1_19,https://www.primevideo.com/detail/0RZEG1T2RQ0MVN1NC9SOV322G0/ref=atv_br_def_r_br_c_unkc_1_19,https://www.primevideo.com/detail/0MF5X5LYVG0V8RYL6TB2F2HETR/ref=atv_br_def_r_br_c_unkc_1_19,https://www.primevideo.com/detail/0G9AJFT9LE6Y7WMMY5LYUHPGDS/ref=atv_br_def_r_br_c_unkc_1_19,https://www.primevideo.com/detail/0KMROWFOPA42E6ZLPSLZHL2WJS/ref=atv_br_def_r_br_c_unkc_1_19,https://www.primevideo.com/detail/0J3D8YMFZX8T2BBG3Z90EATHJS/ref=atv_br_def_r_br_c_unkc_1_19,https://www.primevideo.com/detail/0TREM4V9RKRJVTAIN0AEZBW5BB/ref=atv_br_def_r_br_c_unkc_1_19,https://www.primevideo.com/detail/0TAUXWHEAUYZ4MVIGUT44WCFVF/ref=atv_br_def_r_br_c_unkc_1_19,https://www.primevideo.com/detail/0P9D7JMQ1NDU3P9V32JI39DJAI/ref=atv_br_def_r_br_c_unkc_1_19,https://www.primevideo.com/detail/0J3P7DO2UHT2IGF8UY24C2I94C/ref=atv_br_def_r_br_c_unkc_1_19,https://www.primevideo.com/detail/0I1FJMNNZ8R2ZQBLCG56IZL9AL/ref=atv_br_def_r_br_c_unkc_1_19,https://www.primevideo.com/detail/0T0Y6N2L3NAHSGQIM25EMMXCPO/ref=atv_br_def_r_br_c_unkc_1_19,https://www.primevideo.com/detail/0RN8RFD7AWC58BYKD0XUER40CO/ref=atv_br_def_r_br_c_unkc_1_19,https://www.primevideo.com/detail/0TOUCGL8G1S1S1JTACVRSC4WHP/ref=atv_br_def_r_br_c_unkc_1_19,https://www.primevideo.com/detail/0NFFFBEI2K9UKH6IT3DEJ0NH5D/ref=atv_br_def_r_br_c_unkc_1_19,https://www.primevideo.com/detail/0KAESFA69XWRJ2GW8GWV4EV7RV/ref=atv_br_def_r_br_c_unkc_1_19,https://www.primevideo.com/detail/0N7K9RNBFBLHUVIONHIWHXTVTU/ref=atv_br_def_r_br_c_unkc_1_19,https://www.primevideo.com/detail/0HY4ECFMIT2WF6G7UZO711MA28/ref=atv_br_def_r_br_c_unkc_1_19,https://www.primevideo.com/detail/0P749ECC2H5ZZYPZ2R0LR5BA4S/ref=atv_br_def_r_br_c_unkc_1_19
19,https://www.primevideo.com/detail/0SSXASJCFFG34TN8CBQFM0TN90/ref=atv_br_def_r_br_c_unkc_1_20,,https://www.primevideo.com/detail/0PGVJVF04OM21GHZB2J5ADQVEU/ref=atv_br_def_r_br_c_unkc_1_20,https://www.primevideo.com/detail/0H7N0O7MEQ7XVZT5JOWR0E3VE3/ref=atv_br_def_r_br_c_unkc_1_20,https://www.primevideo.com/detail/0G2G9F9BZAJUW8XZ2RQ5N3MRBS/ref=atv_br_def_r_br_c_unkc_1_20,https://www.primevideo.com/detail/0JXNF93HB6QU4R21TQA20GX9JO/ref=atv_br_def_r_br_c_unkc_1_20,https://www.primevideo.com/detail/0JXNF93HB6QU4R21TQA20GX9JO/ref=atv_br_def_r_br_c_unkc_1_20,https://www.primevideo.com/detail/0RMYLULVR8F9ZBB6BH7UIVAUUF/ref=atv_br_def_r_br_c_unkc_1_20,https://www.primevideo.com/detail/0LFQAS58IKQ2FZJHE4D1IFZUBA/ref=atv_br_def_r_br_c_unkc_1_20,https://www.primevideo.com/detail/0K63N1PZLWDBKH6RI6IEE8FHC9/ref=atv_br_def_r_br_c_unkc_1_20,https://www.primevideo.com/detail/0OF5QKF8SBCOK9G7XIIAKH14N4/ref=atv_br_def_r_br_c_unkc_1_20,https://www.primevideo.com/detail/0S3S07WYX1BR310HP13BY0D7LP/ref=atv_br_def_r_br_c_unkc_1_20,https://www.primevideo.com/detail/0Q4AC6SKJX7EY2GHJFHLZMQ1XZ/ref=atv_br_def_r_br_c_unkc_1_20,https://www.primevideo.com/detail/0KRH21HZEEX3FGTRXV0D3O3R61/ref=atv_br_def_r_br_c_unkc_1_20,https://www.primevideo.com/detail/0TVP7U6ZWMXVEPXQD4YIK1H4W8/ref=atv_br_def_r_br_c_unkc_1_20,https://www.primevideo.com/detail/0RIGXSH2D86B5V2RNHQOZVRGAD/ref=atv_br_def_r_br_c_unkc_1_20,https://www.primevideo.com/detail/0LKNDFHD40G5FDHNHF7HTD3RVI/ref=atv_br_def_r_br_c_unkc_1_20,https://www.primevideo.com/detail/0GMALKXA7C3PB0H7B9OYJDMIXT/ref=atv_br_def_r_br_c_unkc_1_20,https://www.primevideo.com/detail/0QX4JGNLIKMWUC3DHDUYZ28XXE/ref=atv_br_def_r_br_c_unkc_1_20,https://www.primevideo.com/detail/0S96JGZZQCY2CIMMH6BQ2JX2E6/ref=atv_br_def_r_br_c_unkc_1_20,https://www.primevideo.com/detail/0JTD1AOCUN40F7B6JZ8EJ92FC0/ref=atv_br_def_r_br_c_unkc_1_20,https://www.primevideo.com/detail/0N0H0Z3ZGMPMA05GZLS5MSKXN0/ref=atv_br_def_r_br_c_unkc_1_20
